,Left Eye,,Right Eye,,Nose,,Mouth Up,,Mouth Down,
,"(x,",y),"(x,",y),"(x,",y),"(x,",y),"(x,",y)
Min:,0.35416666666666669,0.080321285140562249,0.3048780487804878,0.22489959839357429,0.39583333333333331,0.37777777777777777,0.012048192771084338,0.24074074074074073,0.84210526315789469,0.20833333333333334
Max:,0.65957446808510634,0.42276422764227645,0.68292682926829273,0.45528455284552843,0.63829787234042556,0.58503401360544216,0.26829268292682928,0.48226950354609927,0.98780487804878048,0.42962962962962964
