Frame preprocessing,Face prediction,Face preprocessing,Face elements prediction,Face elements preprocessing,Eyes prediction,Visual notification,
0.0010569081837296902,0.011943086395704449,0.0001928525345032855,0.010584742411376193,0.0001687619979448137,0.010633056159019823,0.00042986426562894214,