Frame preprocessing,Face prediction,Face preprocessing,Face elements prediction,Face elements preprocessing,Eyes prediction,Visual notification,
0.0003348390539209326,0.015327880224147876,0.0001781996313508574,0.013849664484704292,0.00023444603373120714,0.013133837543167434,0.0005287295038049871,