Frame preprocessing,Face prediction,Face preprocessing,Face elements prediction,Face elements preprocessing,Eyes prediction,Visual notification,
0.003982553095705728,0.013580338278813149,0.00012305804661342075,0.01296942422130723,0.00015586271469018607,0.015509533983812149,0.0004950019596482137,