Frame preprocessing,Face prediction,Face preprocessing,Face elements prediction,Face elements preprocessing,Eyes prediction,Visual notification,
0.00041531010236692506,0.016858123739958635,0.0005480856310412084,0.01593762477850013,0.0004919603658661622,0.015343679718637121,0.0008429313776327396,