Frame preprocessing,Face prediction,Face preprocessing,Face elements prediction,Face elements preprocessing,Eyes prediction,Visual notification,
0.0004809353138677505,0.016161244680649868,0.00019962712756784904,0.014607021923271082,0.00025085764146529657,0.013756962589941503,0.0005290355017889471,