Frame preprocessing,Face prediction,Face preprocessing,Face elements prediction,Face elements preprocessing,Eyes prediction,Visual notification,
0.00027182687087898397,0.010458825456069203,8.139739768781912e-05,0.00777063811762949,0.00012303470225816362,0.00794171036852433,0.00037402695930852423,