Frame preprocessing,Face prediction,Face preprocessing,Face elements prediction,Face elements preprocessing,Eyes prediction,Visual notification,
0.00042090463768707805,0.015898054039467435,0.00017742167414593066,0.01376244363289262,0.00021413791799067147,0.012938674406887948,0.0005661065511086255,