Frame preprocessing,Face prediction,Face preprocessing,Face elements prediction,Face elements preprocessing,Eyes prediction,Visual notification,
0.0019706395849876743,0.011128412448101163,0.00017822739500436723,0.010241640616154325,0.00016935668376661975,0.010244928166486214,0.00042335576038164745,