Frame preprocessing,Face prediction,Face preprocessing,Face elements prediction,Face elements preprocessing,Eyes prediction,Visual notification,
0.0003039935946664666,0.008369294671153115,0.0003057306125479344,0.008073072706089828,0.0002590451994797917,0.008352751919547695,0.0007591905088661278,