Frame preprocessing,Face prediction,Face preprocessing,Face elements prediction,Face elements preprocessing,Eyes prediction,Visual notification,
0.00039683312297346125,0.016631328437223012,0.00017372719255317166,0.014570714000717225,0.00021734127557900058,0.0138419485953917,0.0005551267819232251,