Frame preprocessing,Face prediction,Face preprocessing,Face elements prediction,Face elements preprocessing,Eyes prediction,Visual notification,
0.005514819134948074,0.013088323167005604,0.00018952909763568618,0.010835144539745335,0.0001750197461856309,0.010985811693836426,0.0004668671597716629,