Frame preprocessing,Face prediction,Face preprocessing,Face elements prediction,Face elements preprocessing,Eyes prediction,Visual notification,
0.0004035467290320341,0.011311443265341404,0.00022498400741412754,0.01034794965290066,0.00015190602749965568,0.010451229498972505,0.011203004474794402,