Frame preprocessing,Face prediction,Face preprocessing,Face elements prediction,Face elements preprocessing,Eyes prediction,Visual notification,
0.0009884834289550781,0.014000654220581055,0.0009582042694091797,0.014002084732055664,0.0009646415710449219,0.012974262237548828,0.0,