Frame preprocessing,Face prediction,Face preprocessing,Face elements prediction,Face elements preprocessing,Eyes prediction,Visual notification,
0.0003849321458397842,0.01218848903146055,0.00016138702630996704,0.01044772999982039,0.00015496048662397597,0.01025764892498652,0.008023289122232576,