,Left Eye,,Right Eye,,Nose,,Mouth Up,,Mouth Down,
,"(x,",y),"(x,",y),"(x,",y),"(x,",y),"(x,",y)
Min:,0.15579710144927536,0.41966426858513189,0.61392405063291144,0.41726618705035973,0.37681159420289856,0.51282051282051277,0.38043478260869568,0.64529914529914534,0.38043478260869568,0.70085470085470081
Max:,0.38235294117647056,0.53978494623655915,0.83088235294117652,0.5634408602150538,0.6470588235294118,0.74025974025974028,0.63970588235294112,0.864516129032258,0.65441176470588236,0.89826839826839822
